year,ISO3,ADM0_EN,ADM0_PCODE,ADM1_EN,ADM1_PCODE,ADM2_EN,ADM2_PCODE,F_TL,M_TL,T_TL,F_00_04,F_05_09,F_10_14,F_15_19,F_20_24,F_25_29,F_30_34,F_35_39,F_40_44,F_45_49,F_50_54,F_55_59,F_60_64,F_65_69,F_70_74,F_75_79,F_80_84,F_85_89,F_90Plus,M_00_04,M_05_09,M_10_14,M_15_19,M_20_24,M_25_29,M_30_34,M_35_39,M_40_44,M_45_49,M_50_54,M_55_59,M_60_64,M_65_69,M_70_74,M_75_79,M_80_84,M_85_89,M_90Plus,T_00_04,T_05_09,T_10_14,T_15_19,T_20_24,T_25_29,T_30_34,T_35_39,T_40_44,T_45_49,T_50_54,T_55_59,T_60_64,T_65_69,T_70_74,T_75_79,T_80_84,T_85_89,T_90Plus
2022,MMR,Myanmar,MMR,Yangon,MMR013,Yangon (West),MMR013D004,638368,529379,1167751,30298,29077,31382,46050,66871,69266,61307,49262,44858,41455,40458,36903,30521,23503,16590,9906,5664,3344,1542,31786,29850,32222,46797,59513,58050,48525,39757,35785,32281,30210,26783,21036,15385,10249,5539,3143,1706,655,62090,58933,63611,92852,126390,127324,109838,89025,80647,73737,70675,63692,51564,38893,26845,15451,8814,5059,2204
2022,MMR,Myanmar,MMR,Mandalay,MMR010,Mandalay,MMR010D001,962070,899380,1861454,68770,64316,64337,81934,93248,89940,83640,75162,68955,62312,57009,48324,35450,27887,17666,11507,6224,3725,1600,71942,66151,71169,94126,101502,91127,78781,67960,59576,50643,44356,36067,25046,17660,11386,6277,3132,1763,648,140716,130472,135509,176065,194753,181071,162424,143125,128535,112958,101370,84395,60501,45551,29054,17789,9359,5494,2254
2022,MMR,Myanmar,MMR,Rakhine,MMR012,Kyaukpyu,MMR012D003,376166,335805,711973,33929,31656,29413,30485,27233,24175,24758,27990,24819,22697,22109,19300,17961,13464,12035,7019,4002,2107,982,34681,32874,29706,32905,29339,21564,19273,21911,20046,18121,17015,16153,14027,10602,8530,4717,2610,1248,444,68612,64532,59121,63391,56574,45742,44034,49903,44866,40820,39125,35454,31990,24069,20566,11739,6614,3356,1428
2022,MMR,Myanmar,MMR,Magway,MMR009,Thayet,MMR009D003,389267,348162,737431,26941,27453,27522,30304,28805,27895,29801,30062,28948,28063,26333,21806,17186,14015,10313,6424,4187,2236,914,27797,28052,28311,33342,29330,25005,24505,25302,24674,23810,21734,18087,13447,10141,6913,3861,2299,1102,392,54742,55507,55837,63649,58139,52904,54311,55367,53623,51876,48069,39898,30636,24160,17230,10290,6490,3341,1309
2022,MMR,Myanmar,MMR,Sagaing,MMR005,Monywa,MMR005D003,444605,369665,814273,29481,29785,30733,35612,36643,34736,33299,34191,31971,30548,26319,25212,21903,16523,12363,7533,4334,2408,980,30436,30178,31972,34170,32887,28181,26035,26536,25095,23571,20251,18553,15474,10998,7471,4286,2104,1066,368,59919,59964,62709,69783,69533,62920,59335,60730,57067,54120,46572,43766,37380,27522,19835,11819,6440,3474,1348
2022,MMR,Myanmar,MMR,Bago (East),MMR007,Bago,MMR007D001,943516,848689,1792210,81825,84186,83655,88227,76513,66549,63342,63720,62030,60077,53058,46730,38636,31979,20797,11252,5733,3617,1527,83360,85893,85097,90696,74229,58673,52398,53641,52199,49901,43703,37734,30430,24159,14162,6757,3130,1796,657,165188,170082,168757,178927,150745,125227,115745,117366,114233,109981,96764,84464,69069,56141,34965,18013,8868,5417,2190
2022,MMR,Myanmar,MMR,Sagaing,MMR005,Katha,MMR005D004,287121,274069,561191,28335,27883,26555,27030,23723,21211,19907,19673,18341,16339,15105,13413,10642,7483,5229,3263,1752,881,321,29347,28695,27280,29072,25633,21152,19231,19069,17450,14943,12737,10711,7793,4908,3111,1687,747,354,116,57683,56578,53837,56105,49356,42365,39139,38744,35793,31282,27844,24125,18436,12392,8344,4952,2501,1238,439
2022,MMR,Myanmar,MMR,Kayah,MMR002,Bawlake,MMR002D002,23466,27804,51272,2810,2526,2296,2373,2225,1984,1769,1621,1405,1185,999,733,599,403,246,148,65,36,15,2873,2673,2317,3000,3334,2890,2480,2180,1667,1323,1064,705,556,313,218,94,54,27,7,5684,5201,4616,5376,5561,4875,4251,3803,3073,2508,2065,1440,1156,717,466,243,121,63,24
2022,MMR,Myanmar,MMR,Kachin,MMR001,Bhamo,MMR001D003,214892,209418,424311,21297,20993,19627,19244,18061,17761,15682,14467,12688,11552,10933,9761,8285,5970,3967,2371,1346,602,250,21837,21664,19999,18221,15981,17961,18354,16396,13862,11950,10549,8410,6028,3853,2224,1220,561,238,71,43137,42658,39628,37467,34043,35724,34039,30865,26552,23504,21485,18174,14315,9826,6193,3591,1911,841,323
2022,MMR,Myanmar,MMR,Mon,MMR011,Thaton,MMR011D002,409660,370416,780079,33738,36368,38375,43507,33656,25277,22798,23915,25184,25731,24547,22064,18706,14389,9777,5920,3375,1605,692,34801,37528,39953,46374,33114,22846,19655,19872,20845,21014,19468,17035,13974,10327,6598,3638,1958,991,390,68541,73898,78328,89883,66772,48126,42456,43788,46029,46747,44016,39101,32683,24718,16377,9560,5335,2598,1084
2022,MMR,Myanmar,MMR,Ayeyarwady,MMR017,Pyapon,MMR017D006,528206,509468,1037676,50518,53118,50800,47404,38255,35848,36088,37810,35871,32050,27366,24559,21369,17325,10010,4764,2726,1658,634,51127,54075,51347,50420,40061,34854,33106,35411,33456,29917,25155,22952,18963,14698,7575,3209,1785,955,365,101647,107194,102149,97827,78317,70704,69197,73223,69328,61968,52522,47513,40334,32025,17586,7974,4513,2616,1002
2022,MMR,Myanmar,MMR,Tanintharyi,MMR006,Kawthoung,MMR006D003,114111,124357,238469,12935,12307,11365,11994,10583,8497,7703,7409,6935,6047,5431,4437,3360,2472,1278,704,347,193,93,12909,12510,11624,13667,11940,9386,8828,8788,8455,7577,6188,4652,3477,2351,1136,502,225,83,42,25844,24817,22990,25663,22525,17884,16533,16199,15392,13626,11620,9089,6839,4824,2414,1207,574,278,136
2022,MMR,Myanmar,MMR,Yangon,MMR013,Yangon (East),MMR013D002,1515038,1339382,2854432,100497,91449,89797,106809,130980,145558,142639,120690,110766,100197,93646,81986,68079,53533,36482,21294,11372,6551,2586,104059,94278,93521,114925,133048,135024,123199,104851,94978,80988,72027,59417,46989,35086,23191,12757,6466,3315,1134,204564,185737,183324,221742,264036,280590,265844,225549,205751,181192,165681,141408,115077,88626,59680,34057,17846,9872,3727
2022,MMR,Myanmar,MMR,Rakhine,MMR012,Maungdaw,MMR012D002,75570,79365,154935,8689,7983,6788,7962,7154,6202,5167,5228,4173,3710,3321,3062,2406,1568,866,543,391,233,105,9130,8189,7224,9052,9729,6502,4647,4751,4481,3917,3514,2918,2408,1407,660,390,211,138,77,17821,16174,14013,17015,16884,12704,9815,9979,8655,7628,6837,5982,4814,2975,1527,934,603,372,184
2022,MMR,Myanmar,MMR,Magway,MMR009,Magway,MMR009D001,677906,560107,1238015,50175,52939,54203,55644,47019,42963,46552,50528,50453,47373,42480,37761,32180,26140,18349,11470,6696,3468,1458,51153,53954,54328,55277,43265,33046,33222,37386,37415,35344,32223,28779,23027,17700,11795,6394,3368,1786,589,101331,106896,108532,110923,90287,76012,79778,87916,87873,82721,74707,66542,55209,43845,30147,17867,10067,5258,2050
2022,MMR,Myanmar,MMR,Mon,MMR011,Mawlamyine,MMR011D001,631823,547529,1179356,46356,49313,51802,62793,53397,40649,36540,37348,39333,40379,40112,36958,32361,25017,17729,10685,6116,3376,1505,47976,51117,53324,64325,52565,35023,29797,29648,31041,31197,29985,27180,22465,17134,11608,6536,3675,2047,831,94336,100435,105127,127120,105965,75676,66340,67000,70379,71577,70101,64142,54828,42155,29340,17224,9794,5426,2339
2022,MMR,Myanmar,MMR,Kachin,MMR001,Myitkyina,MMR001D001,327361,320790,648154,34233,32008,30177,32661,30774,27004,23460,21376,19295,17106,15782,12445,11288,7843,5557,3087,1848,891,471,34889,32653,30538,29117,26198,27344,28368,24622,21273,17923,15366,11180,8856,5467,3629,1743,899,463,209,69126,64663,60719,61780,56976,54351,51830,46003,40570,35030,31152,23628,20147,13313,9190,4833,2750,1357,684
2022,MMR,Myanmar,MMR,Yangon,MMR013,Yangon (South),MMR013D003,886197,819164,1705367,79801,76800,67656,58302,63301,79484,81501,72653,62723,53809,48581,42822,35335,26448,17269,10311,5378,2868,1072,81472,78008,68126,62477,64670,75247,71628,65004,57329,48003,42210,35603,27178,19194,11233,6244,3127,1722,609,161278,154813,135788,120781,127976,154737,153132,137660,120056,101814,90794,78429,62516,45646,28508,16561,8508,4592,1684
2022,MMR,Myanmar,MMR,Ayeyarwady,MMR017,Maubin,MMR017D005,511011,476205,987219,43074,45086,45350,44883,37788,32572,33837,35958,35071,32690,28369,26725,23869,19562,13016,6153,3730,2280,960,43757,45602,45755,46520,38647,31189,29872,31875,31578,28846,25091,22875,20277,16082,9759,4291,2325,1287,543,86834,90689,91109,91404,76437,63764,63709,67836,66650,61538,53462,49603,44148,35647,22776,10445,6056,3570,1505
2022,MMR,Myanmar,MMR,Tanintharyi,MMR006,Dawei,MMR006D001,279775,258782,538558,24546,25199,26440,27120,20775,17231,16281,17225,16413,16384,16169,15569,14094,10381,7041,4265,2542,1403,663,25830,26340,27103,26744,20652,16050,15248,15705,15232,14624,13275,12711,10812,8239,4864,2742,1457,806,310,50379,51541,53544,53867,41429,33284,31531,32933,31648,31010,29446,28283,24908,18621,11907,7009,4001,2209,975
2022,MMR,Myanmar,MMR,Kayah,MMR002,Loikaw,MMR002D001,150016,142797,292815,16601,16077,14904,14420,12906,11475,10524,9914,8997,7865,7089,6085,4881,3445,2322,1291,720,322,144,17107,16440,15148,14419,12590,11186,10294,9513,8412,7199,6185,4852,3841,2554,1590,747,419,186,77,33711,32519,30052,28841,25499,22664,20820,19429,17411,15067,13277,10939,8725,6001,3915,2041,1141,510,223
2022,MMR,Myanmar,MMR,Nay Pyi Taw,MMR018,Det Khi Na,MMR018D002,380422,351908,732332,31880,31479,30256,31820,30334,30467,32956,30757,26980,22802,20809,18328,14515,11535,7155,4236,2166,1344,563,32454,32047,31056,33541,30299,27833,29450,28219,23783,19924,18014,15159,11981,8891,4790,2482,1123,611,214,64337,63528,61315,65363,60636,58304,62407,58978,50765,42728,38826,33489,26499,20428,11948,6719,3291,1958,780
2022,MMR,Myanmar,MMR,Ayeyarwady,MMR017,Myaungmya,MMR017D003,406807,383371,790179,35029,38131,37339,36646,29056,26284,27277,28890,27362,25245,23002,21565,18555,14916,8444,4127,2656,1602,656,35640,38635,38099,37482,29893,25125,24106,26385,24876,22459,20478,19267,16416,12238,6496,2834,1588,980,352,70672,76769,75439,74129,58950,51411,51384,55276,52239,47705,43481,40833,34972,27156,14943,6963,4245,2583,1008
2022,MMR,Myanmar,MMR,Chin,MMR004,Falam,MMR004D001,97305,90348,187655,12812,12699,11898,10502,8378,6132,5376,5004,4455,4375,4093,3347,2999,2067,1427,909,510,228,66,13030,12971,12195,10855,8348,5134,4109,3895,3583,3598,3542,2995,2352,1562,1084,616,295,127,30,25844,25673,24096,21359,16729,11268,9486,8899,8040,7974,7635,6343,5353,3630,2513,1527,807,357,97
2022,MMR,Myanmar,MMR,Magway,MMR009,Gangaw,MMR009D005,134700,117540,252242,9252,10003,9690,9987,8916,8427,9280,10631,11112,10468,9578,7502,6243,5295,3886,2255,1206,710,233,9341,9801,9649,10074,8573,7416,7433,8722,9304,8488,7670,6322,5102,4053,2856,1458,772,379,99,18595,19807,19341,20063,17489,15844,16715,19355,20417,18956,17251,13824,11345,9349,6743,3716,1979,1092,334
2022,MMR,Myanmar,MMR,Rakhine,MMR012,Thandwe,MMR012D004,296576,284645,581221,24744,21836,20920,24607,23070,20073,20714,22904,20014,18482,17316,16441,14344,10940,8732,5316,3249,1956,888,25430,22383,21870,28702,27507,20406,18125,20325,19243,16824,15075,13951,12417,8700,6376,3523,2015,1252,494,50175,44222,42791,53310,50580,40482,38840,43231,39259,35308,32394,30393,26762,19640,15109,8839,5266,3210,1385
2022,MMR,Myanmar,MMR,Bago (West),MMR008,Thayarwady,MMR008D002,577533,515807,1093342,39724,40768,40998,45029,43280,39390,39727,41696,39827,38431,38502,36344,32902,23918,16144,9892,6033,3568,1291,40843,41086,41255,47726,42996,35771,34173,35485,34239,32802,32220,29799,26133,17674,11104,6180,3588,1989,677,80567,81858,82256,92760,86278,75163,73904,77185,74071,71239,70725,66145,59038,41594,27250,16075,9623,5560,1976
2022,MMR,Myanmar,MMR,Chin,MMR004,Hakha,MMR004D003,57897,52798,110696,7091,6847,6466,5906,4813,3496,3040,3220,3063,2854,2784,2314,1968,1541,1175,652,394,153,101,7379,7074,6609,6447,4737,2651,1986,2161,2293,2342,2354,2064,1670,1202,905,480,271,109,46,14471,13922,13076,12353,9550,6149,5028,5382,5356,5197,5138,4380,3640,2744,2081,1134,666,262,148
2022,MMR,Myanmar,MMR,Ayeyarwady,MMR017,Hinthada,MMR017D002,618901,548154,1167058,44962,46466,47347,49744,42261,37647,38763,43294,44002,42593,39877,37045,34594,27893,20042,10443,6706,3770,1395,45828,46912,47528,50650,42274,34256,32654,36146,36165,34635,32372,30243,27731,21498,14711,7066,4284,2352,794,90795,93383,94876,100395,84539,71906,71421,79444,80170,77232,72252,67292,62329,49396,34757,17513,10994,6126,2191
2022,MMR,Myanmar,MMR,Sagaing,MMR005,Hkamti,MMR005D008,152636,168167,320803,18454,16875,14847,14752,13354,12024,10464,9844,9002,7802,7076,5704,4746,3177,2152,1207,616,365,155,19304,17217,15130,19634,20465,16301,12854,11961,10159,7560,6119,4512,2915,1872,1101,547,278,136,81,37760,34093,29979,34387,33820,28327,23319,21807,19163,15363,13196,10216,7662,5049,3254,1755,896,502,238
2022,MMR,Myanmar,MMR,Kayin,MMR003,Hpa-An,MMR003D001,442729,411642,854374,41794,44241,46264,47988,33332,24458,22743,23466,24897,25860,25848,23157,20113,15358,10976,6313,3610,1582,700,43201,45563,47482,51092,34661,22655,20576,20724,21987,22445,21821,18692,14993,11011,7493,3936,2044,879,359,84997,89805,93747,99081,67996,47114,43322,44190,46885,48306,47671,41852,35106,26372,18470,10252,5657,2463,1059
2022,MMR,Myanmar,MMR,Yangon,MMR013,Yangon (North),MMR013D001,1637649,1488016,3125668,137971,124080,111267,126652,156171,168605,157618,127834,107489,93053,86814,74613,59828,43258,29082,17632,8883,4841,1874,140825,126565,113428,124842,147470,156985,139841,116503,99168,81010,71527,59008,44240,29318,18827,10121,4787,2580,885,278803,250650,224698,251498,303646,325594,297463,244344,206663,174067,158348,133626,104072,72579,47915,27759,13676,7426,2762
2022,MMR,Myanmar,MMR,Shan (North),MMR015,Hopang,MMR015D006,127937,132260,260199,15816,16454,13748,13786,11742,10363,7799,7037,5929,5109,4979,3598,4612,2638,2406,837,705,193,159,15917,16863,14481,14778,11397,9791,8273,7206,6904,5273,5834,3315,5036,2382,2824,797,778,202,182,31733,33319,28231,28565,23140,20157,16075,14244,12835,10384,10814,6914,9649,5022,5232,1635,1484,397,342
2022,MMR,Myanmar,MMR,Shan (South),MMR014,Pa-O Self-Administered Zone,MMR014S002,265736,256766,522503,28889,27340,25912,26170,24888,21775,18871,17692,15330,13329,11767,10600,8559,6132,4154,2325,1255,542,177,29683,27450,24133,27496,25443,21763,18688,17236,15248,13000,10735,9379,6733,4546,2762,1386,686,303,71,58574,54791,50046,53667,50333,43539,37559,34930,30580,26332,22504,19980,15292,10680,6918,3713,1942,845,249
2022,MMR,Myanmar,MMR,Kachin,MMR001,Mohnyin,MMR001D002,363877,457143,821021,36324,33481,31417,33301,34058,31519,27414,26113,23476,21172,18118,14951,12386,8284,5141,3503,1898,948,346,38061,34667,32421,42034,51697,52533,47873,40877,33883,27433,20614,13613,9547,5705,3066,1738,839,401,116,74388,68149,63839,75337,85756,84053,75287,66991,57361,48606,38733,28567,21935,13989,8207,5243,2738,1351,463
2022,MMR,Myanmar,MMR,Kayin,MMR003,Hpapun,MMR003D004,18697,19340,38038,1805,2036,2080,2561,1860,1234,1016,1004,1006,863,860,682,606,455,281,163,97,60,20,1885,2028,2185,2790,2146,1372,1172,1022,1104,931,844,609,506,330,195,125,51,31,6,3691,4065,4265,5352,4007,2606,2188,2027,2111,1795,1704,1292,1112,785,476,288,149,92,26
2022,MMR,Myanmar,MMR,Shan (North),MMR015,Lashio,MMR015D001,392294,376876,769172,39701,37862,37455,37475,32657,29887,27061,25548,23243,22236,20692,17492,15154,10768,7552,3611,2252,963,640,40785,39024,38290,36923,32112,29700,27527,25226,22958,20690,18395,14755,12508,8052,5483,2367,1255,539,243,80489,76889,75746,74401,64773,59589,54589,50777,46203,42928,39088,32248,27664,18822,13037,5979,3511,1506,885
2022,MMR,Myanmar,MMR,Shan (North),MMR015,Kyaukme,MMR015D003,323496,307844,631343,30548,28594,28047,28022,27390,25105,24001,23154,20878,19666,17572,16107,12885,9217,5830,3450,1747,867,378,31842,29381,27735,27258,26866,24216,23732,23081,20549,18930,15891,13522,10309,6858,4013,2097,960,407,157,62394,57977,55783,55282,54259,49324,47735,46237,41428,38599,33467,29632,23196,16077,9843,5548,2710,1276,537
2022,MMR,Myanmar,MMR,Bago (East),MMR007,Taungoo,MMR007D002,601608,536466,1138076,51992,51801,51307,56268,49595,43001,40935,40782,40003,37538,33192,30418,24159,20572,13955,7711,4352,2820,1149,52925,52730,51555,56997,47283,37285,34568,34624,33661,31379,27174,24464,18924,14820,9393,4495,2312,1353,472,104920,104532,102865,113269,96883,80287,75507,75408,73667,68920,60371,54885,43089,35396,23352,12210,6667,4176,1626
2022,MMR,Myanmar,MMR,Shan (South),MMR014,Taunggyi,MMR014D001,627006,613142,1240150,57899,55045,55257,59678,58706,53055,48834,45959,39658,35364,29699,27265,22155,16701,10342,5987,3263,1540,555,59923,57005,57603,63717,60746,53081,47546,44850,39673,34456,26442,23438,18000,12606,7322,3786,1854,796,248,117826,112054,112862,123397,119457,106140,96382,90813,79334,69822,56144,50706,40156,29310,17665,9777,5118,2339,806
2022,MMR,Myanmar,MMR,Sagaing,MMR005,Kale,MMR005D005,280871,260245,541117,25452,25551,24408,24818,23406,21699,20584,20086,19132,17375,16060,13752,10501,7638,4959,2813,1550,757,302,25897,26123,24892,25704,22656,18994,17713,17624,16674,15461,14134,11749,8989,6166,3853,2035,949,456,152,51350,51676,49301,50525,46063,40695,38298,37711,35808,32838,30196,25501,19491,13805,8813,4850,2501,1215,455
2022,MMR,Myanmar,MMR,Sagaing,MMR005,Kanbalu,MMR005D010,221881,202227,424110,18948,19195,19212,19847,18737,17794,16900,16196,14743,13477,11957,10676,7928,5887,4545,2842,1595,930,454,19295,19634,19098,20708,17691,15484,14583,14273,13126,12230,10431,8762,6422,4501,2913,1638,840,453,129,38244,38829,38310,40556,36429,33280,31483,30469,27870,25708,22389,19438,14351,10390,7460,4482,2435,1385,585
2022,MMR,Myanmar,MMR,Ayeyarwady,MMR017,Pathein,MMR017D001,849503,800154,1649662,70227,73110,72586,74823,63549,55499,56958,59586,59083,55845,52161,47252,38938,28122,19597,10573,6218,3803,1510,71950,74569,73785,76947,65608,53715,51004,53589,53425,49781,46197,41795,34346,23337,15408,7510,4110,2224,787,142180,147683,146376,151774,129158,109217,107967,113179,112512,105630,98362,89050,73287,51463,35009,18087,10333,6031,2301
2022,MMR,Myanmar,MMR,Sagaing,MMR005,Yinmarbin,MMR005D009,313002,267760,580764,23103,24556,25180,24721,24212,23755,22972,23606,21964,20100,18589,17121,14690,11091,7933,4817,2530,1458,567,23570,25060,24535,23446,20866,19203,17948,18823,18000,16530,15118,13863,11684,8084,5536,3054,1400,768,240,46674,49618,49716,48170,45080,42959,40922,42429,39966,36631,33709,30987,26377,19176,13471,7874,3931,2227,809
2022,MMR,Myanmar,MMR,Chin,MMR004,Mindat,MMR004D002,38301,33346,71649,5579,5297,4421,3916,2896,2516,2124,2021,1905,1633,1495,1260,1216,852,563,322,175,51,39,5740,5446,4438,3645,2363,1664,1323,1361,1387,1170,1226,1070,916,672,435,244,136,50,43,11320,10745,8859,7562,5260,4181,3449,3384,3292,2804,2721,2330,2134,1526,998,568,313,102,83
2022,MMR,Myanmar,MMR,Kayin,MMR003,Kawkareik,MMR003D003,267948,248592,516541,25345,27300,27544,30486,23273,16290,14654,14774,15043,14886,15026,12706,10898,7680,5627,3294,1853,862,389,25629,27399,27527,30619,22973,14744,13321,13003,13729,13254,12450,10723,8567,6034,4292,2279,1263,542,224,50975,54699,55071,61105,46248,31035,27976,27779,28774,28142,27477,23431,19466,13715,9920,5575,3117,1405,613
2022,MMR,Myanmar,MMR,Sagaing,MMR005,Kawlin,MMR005D011,185087,167061,352149,16426,15527,15001,15900,15084,13877,12925,12865,12805,11902,11615,9795,7187,5113,3862,2573,1499,834,271,16923,16011,15171,16745,14922,12998,11616,11457,10911,10012,9302,7527,5313,3481,2277,1317,661,314,73,33350,31539,30174,32646,30007,26877,24542,24325,23719,21915,20920,17323,12502,8595,6139,3891,2160,1149,347
2022,MMR,Myanmar,MMR,Shan (East),MMR016,Kengtung,MMR016D001,245240,254751,499994,26217,24803,21856,22413,22030,20150,16661,15074,13726,12844,12792,10796,9707,6607,4739,2255,1597,621,313,26834,25708,23429,23516,23187,20858,19545,18373,16248,13693,12920,9957,8605,5300,3614,1456,931,367,165,53052,50513,45288,45931,45218,41010,36209,33447,29977,26541,25715,20754,18316,11908,8356,3713,2529,990,480
2022,MMR,Myanmar,MMR,Kachin,MMR001,Puta-O,MMR001D004,55818,55347,111169,7376,6670,5911,4888,4698,4207,3523,3086,2977,2809,2620,1900,1808,1233,1048,436,354,120,113,7447,6769,5672,4522,3933,4058,4178,3562,3153,2956,2834,1893,1597,1104,830,384,247,96,73,14824,13441,11587,9411,8636,8268,7705,6650,6132,5767,5456,3794,3409,2339,1879,822,601,219,187
2022,MMR,Myanmar,MMR,Sagaing,MMR005,Shwebo,MMR005D002,608721,501499,1110223,43709,44298,45131,48315,47097,44538,43968,45238,43447,41450,37233,33475,28423,22750,16561,10974,6634,3839,1588,44392,45357,45131,44932,38969,35115,33599,34933,33618,32600,29351,25665,20331,15470,10353,6038,3256,1769,567,88105,89657,90264,93251,86070,79656,77570,80172,77069,74054,66588,59142,48756,38224,26918,17014,9894,5612,2157
2022,MMR,Myanmar,MMR,Shan (North),MMR015,Kokang Self-Administered Zone,MMR015S002,84322,91983,176305,9709,9575,8754,8992,8010,6772,5594,4925,4191,3647,3330,2950,2442,2071,1546,909,538,235,113,10018,9876,9035,10133,9430,8676,7111,6303,5210,4063,3547,2812,2123,1578,1089,550,268,108,35,19729,19452,17790,19126,17440,15448,12706,11230,9401,7711,6877,5763,4565,3650,2636,1461,807,344,150
2022,MMR,Myanmar,MMR,Shan (South),MMR014,Loilen,MMR014D002,331739,315926,647667,33314,33424,30834,28101,27156,25855,23581,22767,20659,19688,18763,15429,12745,7907,5812,2654,1819,702,462,34038,33723,31595,27696,26860,24584,22779,22079,19946,18529,16462,13247,10335,6198,4207,1875,1061,437,216,67356,67150,62435,55801,54019,50441,46362,44848,40610,38223,35229,28682,23084,14108,10023,4533,2881,1141,680
2022,MMR,Myanmar,MMR,Shan (North),MMR015,Muse,MMR015D002,260841,258706,519549,27159,25077,24695,24492,22220,20099,18414,16587,14988,13987,13380,11834,10088,7466,4844,2547,1726,782,432,28117,25713,24951,26356,25516,22454,19868,17595,15503,13083,11214,9327,7561,5110,3315,1560,861,401,176,55277,50792,49646,50849,47737,42555,38282,34183,30492,27071,24595,21162,17650,12578,8161,4108,2589,1185,610
2022,MMR,Myanmar,MMR,Mandalay,MMR010,Nyaung-U,MMR010D005,304749,244168,548919,22010,22586,21664,20722,20443,22747,24622,23976,22652,20387,18739,17147,15628,12225,9347,5108,2771,1417,538,22350,23390,20759,18721,16778,17567,17763,17617,16583,15637,14127,12713,10903,8259,5640,2872,1504,734,232,44360,45978,42425,39444,37222,40314,42386,41593,39237,36025,32866,29861,26532,20485,14988,7981,4277,2152,771
2022,MMR,Myanmar,MMR,Mandalay,MMR010,Kyaukse,MMR010D003,424678,379718,804398,33891,32782,30472,30386,33536,35542,35797,33328,30049,27533,25865,23170,17546,13024,9847,5948,3265,1908,752,34805,33755,30697,30137,33161,33591,31509,29391,25559,23287,21024,18314,13377,9115,5977,3336,1511,830,308,68699,66539,61171,60524,66698,69136,67307,62723,55610,50821,46890,41485,30925,22141,15826,9285,4776,2740,1064
2022,MMR,Myanmar,MMR,Rakhine,MMR012,Mrauk-U,MMR012D005,573439,501280,1074719,53373,54692,53787,59011,50955,42864,38758,37824,32894,31191,29988,26860,21561,15749,10552,6816,3664,2016,850,55074,55960,54960,60193,45281,31378,25489,27204,24704,24858,24086,23530,18336,13509,8162,4639,2322,1170,388,108451,110653,108749,119206,96238,74244,64249,65029,57598,56051,54075,50391,39899,29262,18717,11458,5988,3187,1240
2022,MMR,Myanmar,MMR,Tanintharyi,MMR006,Myeik,MMR006D002,376272,371052,747324,39502,39613,37563,42182,35381,27537,24554,22664,21254,18707,17555,14717,12577,9483,5899,3478,2041,1047,482,40486,40351,38135,43785,34635,25970,23966,23489,22245,19088,16869,13372,11032,8102,4925,2385,1297,635,251,79990,79966,75698,85968,70019,53511,48521,46154,43500,37798,34424,28090,23610,17587,10826,5866,3340,1683,737
2022,MMR,Myanmar,MMR,Ayeyarwady,MMR017,Labutta,MMR017D004,316372,312165,628538,33535,30849,28425,28014,25251,22599,22015,22779,20624,18362,15668,14487,12550,9639,5866,2753,1626,933,380,34023,31201,28548,29878,26296,22469,20676,21805,20286,18185,15184,14346,11986,8467,4812,2042,1121,621,201,67560,62052,56974,57893,51548,45069,42691,44585,40912,36547,30853,28833,24537,18106,10678,4795,2748,1555,581
2022,MMR,Myanmar,MMR,Sagaing,MMR005,Naga Self-Administered Zone,MMR005S001,60604,61780,122385,8216,8460,6434,5937,4475,3974,3706,3603,3465,2921,2824,1842,1907,1058,879,342,296,117,121,8558,8590,6587,6115,5111,4286,3668,3516,3477,2792,2918,1920,1784,900,764,253,259,112,142,16775,17051,13022,12054,9586,8261,7375,7121,6944,5714,5743,3764,3692,1959,1644,598,556,230,266
2022,MMR,Myanmar,MMR,Shan (South),MMR014,Langkho,MMR014D003,79972,81179,161153,7488,7158,6696,6601,6577,5673,5433,5238,5143,5288,4888,4620,3663,2244,1532,835,507,220,134,7767,7334,6797,6744,7224,6424,5899,5682,5292,5318,4536,4214,3241,1956,1312,720,413,192,79,15257,14494,13494,13347,13804,12099,11334,10921,10438,10607,9426,8836,6905,4202,2847,1559,922,413,215
2022,MMR,Myanmar,MMR,Shan (North),MMR015,Mongmit,MMR015D008,63243,64074,127318,5810,5681,5493,5270,5231,4899,4944,4824,4125,3752,3324,3049,2391,1852,1238,724,342,189,89,6191,6176,5610,5893,5857,5478,5349,5241,4520,3641,2776,2547,1956,1435,746,387,157,69,27,12002,11858,11104,11165,11089,10377,10294,10067,8646,7394,6102,5597,4348,3289,1984,1112,500,258,116
2022,MMR,Myanmar,MMR,Mandalay,MMR010,Pyinoolwin,MMR010D002,548559,529553,1078115,49512,46927,45257,46818,44753,44667,43250,40525,37283,33993,32191,26912,19457,14502,10217,6294,3350,1865,740,50597,47744,45881,52372,49791,47076,42231,38260,35202,30864,28177,22276,15080,10508,6691,3666,1810,995,288,100111,94674,91139,99194,94545,91746,85482,78787,72489,64857,60372,49192,34540,25012,16908,9965,5161,2861,1033
2022,MMR,Myanmar,MMR,Mandalay,MMR010,Meiktila,MMR010D007,521830,439962,961794,39804,39701,37988,37206,36431,39233,39087,38369,37693,36310,32546,29753,24815,19889,15021,9069,4897,2838,1145,40842,40546,36928,34502,33869,33879,32067,31272,30229,28512,25334,22410,17652,13350,9244,4978,2589,1286,436,80647,80248,74918,71710,70301,73113,71156,69644,67924,64823,57882,52165,42470,33242,24267,14047,7489,4126,1585
2022,MMR,Myanmar,MMR,Shan (North),MMR015,Pa Laung Self-Administered Zone,MMR015S001,68579,58553,127133,7669,7071,6256,6403,5717,4976,4619,4545,4018,3516,3482,3098,2654,1841,1216,725,440,214,104,7784,7043,5451,5044,4618,4210,4087,3925,3583,2982,2682,2400,2043,1248,699,390,237,65,44,15455,14115,11708,11449,10336,9186,8707,8470,7603,6499,6166,5499,4697,3089,1915,1116,679,280,148
2022,MMR,Myanmar,MMR,Shan (North),MMR015,Matman,MMR015D007,133312,141089,274403,17328,16233,13363,15315,12997,12298,8651,7795,6412,4942,4809,3043,4175,2090,2232,620,632,164,188,17710,17091,14440,15949,12697,11694,9894,8664,7787,5536,5706,3213,4487,2319,2380,562,604,163,168,35039,33324,27804,31267,25696,23994,18547,16460,14199,10480,10516,6258,8663,4409,4613,1185,1239,328,359
2022,MMR,Myanmar,MMR,Chin,MMR004,Matupi,MMR004D004,87306,78666,165972,11321,11110,10328,9203,7330,5956,4914,4744,4013,3786,3594,3343,2648,2020,1404,806,498,179,90,11925,11654,10615,8878,5982,4250,3482,3498,3156,3091,2987,2873,2425,1696,1086,552,288,143,68,23248,22766,20945,18082,13313,10206,8396,8242,7169,6878,6583,6217,5074,3717,2491,1359,788,322,158
2022,MMR,Myanmar,MMR,Sagaing,MMR005,Mawlaik,MMR005D007,90428,83240,173668,9640,9419,8573,8085,6941,6446,5886,5715,5495,5122,4961,4276,3497,2753,1643,1003,575,294,86,9924,9667,8961,7965,6854,5911,5354,5116,4942,4242,4052,3439,2703,1956,1085,615,261,140,30,19564,19088,17535,16052,13795,12358,11240,10833,10439,9366,9015,7716,6201,4710,2730,1620,837,435,118
2022,MMR,Myanmar,MMR,Magway,MMR009,Minbu,MMR009D002,369516,316914,686433,27448,29059,28794,30971,27347,25023,26313,27581,26977,25777,23458,20915,16000,12282,9656,6050,3283,1850,687,28203,29580,28547,31526,26317,20949,20507,21928,21533,19932,18404,16137,11785,8632,6291,3612,1859,856,275,55653,58640,57344,62498,53668,45976,46823,49512,48513,45711,41864,37053,27788,20916,15948,9664,5144,2709,965
2022,MMR,Myanmar,MMR,Shan (East),MMR016,Tachileik,MMR016D003,161857,169943,331803,15882,14385,12756,13192,14349,13124,12129,11353,9823,9737,9190,7867,6895,4713,3205,1689,974,395,173,16081,15075,13738,14619,15811,14992,13765,14093,12303,10245,8746,7435,5585,3680,1985,1002,470,208,83,31964,29463,26496,27813,30161,28119,25895,25448,22128,19983,17937,15304,12481,8396,5191,2692,1445,605,257
2022,MMR,Myanmar,MMR,Shan (East),MMR016,Monghsat,MMR016D002,92094,106287,198382,13173,12069,8961,9030,7903,7142,6338,5898,5217,4197,3731,2407,2413,1470,1202,423,298,103,101,13818,12458,9808,11277,9855,8453,7643,7311,6756,5333,4634,2826,2725,1447,1217,338,244,69,58,26991,24529,18770,20308,17760,15596,13982,13210,11974,9531,8365,5234,5138,2917,2420,762,543,173,161
2022,MMR,Myanmar,MMR,Magway,MMR009,Pakokku,MMR009D004,561984,445941,1007930,43130,45301,44512,45160,38516,36487,38346,41509,40218,38094,34843,32171,27604,21642,15738,9533,5158,2915,1061,43480,45709,44051,42089,32461,26344,26009,28738,28511,26804,25104,23058,19634,14244,9793,5344,2628,1417,482,86611,91011,88566,87252,70978,62833,64358,70249,68733,64902,59950,55232,47242,35888,25534,14879,7787,4334,1545
2022,MMR,Myanmar,MMR,Sagaing,MMR005,Sagaing,MMR005D001,304818,257351,562169,19073,19783,20572,23247,23336,21998,22126,23128,22660,21945,19937,18861,15127,12608,8424,5846,3346,2000,773,19679,20545,21261,23148,21561,18307,17661,18272,17918,17623,15535,14265,11312,8645,5378,3243,1692,999,276,38755,40329,41834,46396,44900,40306,39790,41402,40579,39569,35475,33127,26439,21256,13805,9090,5040,3000,1050
2022,MMR,Myanmar,MMR,Kayin,MMR003,Myawaddy,MMR003D002,111575,114617,226192,10985,10599,10419,13340,11541,8254,7628,7307,6866,6196,5526,4678,3316,2208,1294,737,357,215,98,11404,11136,11045,14409,12208,8797,8122,7852,7259,6536,5315,4208,2810,1746,956,446,196,106,56,22389,21736,21465,27750,23749,17052,15750,15159,14126,12733,10841,8887,6126,3954,2250,1183,553,322,155
2022,MMR,Myanmar,MMR,Mandalay,MMR010,Myingyan,MMR010D004,480680,387025,867707,33777,34860,34739,33942,33218,36050,36069,36340,34485,33162,31238,27714,23410,19180,14423,9127,5135,2737,1038,34506,35483,33606,30747,28139,28440,27038,27457,26011,25037,23345,20175,16202,12625,8730,5065,2630,1304,447,68284,70344,68347,64691,61361,64492,63109,63801,60496,58201,54584,47892,39613,31808,23155,14194,7768,4042,1488
2022,MMR,Myanmar,MMR,Nay Pyi Taw,MMR018,Oke Ta Ra,MMR018D001,312870,296271,609144,27959,27129,25647,25727,23588,24284,26589,25900,22025,18833,16804,14596,12241,9045,5795,3322,1828,1077,447,28670,27472,25653,25493,23348,23386,24613,24471,21917,17631,15147,13156,10482,7295,3919,1970,944,510,158,56631,54604,51302,51221,46938,47673,51203,50373,43944,36464,31951,27756,22724,16341,9716,5295,2775,1589,606
2022,MMR,Myanmar,MMR,Bago (West),MMR008,Pyay,MMR008D001,497830,444291,942122,28327,28626,30635,38101,37817,36461,36882,37840,37118,36202,35387,32641,27964,20137,14604,8970,5544,3271,1247,29049,29091,31308,40049,38700,33104,31393,32077,31813,31140,29819,27575,22866,15256,10024,5586,3030,1779,575,57378,57719,61946,78153,76520,69571,68278,69920,68934,67346,65210,60220,50833,35396,24632,14558,8577,5053,1827
2022,MMR,Myanmar,MMR,Rakhine,MMR012,Sittwe,MMR012D001,457382,401857,859241,38277,41513,43966,48651,41790,34464,32207,29749,28011,25235,23092,20443,17369,12807,7884,6237,3133,1774,743,39909,42990,45407,52599,39204,26526,21389,21383,21347,20646,18567,16336,13583,9642,5525,3793,1721,943,307,78188,84506,89377,101251,80995,60992,53599,51133,49360,45883,41661,36781,30955,22451,13411,10032,4857,2720,1052
2022,MMR,Myanmar,MMR,Shan (South),MMR014,Danu Self-Administered Zone,MMR014S001,94802,90866,185668,8334,9135,8958,8557,8392,7878,7153,7004,5733,5233,4555,3992,3652,2584,1717,1034,561,236,76,8839,9450,8996,8093,7589,7286,6785,6690,5681,5243,4261,3864,3042,2144,1474,800,386,159,64,17175,18586,17955,16650,15983,15165,13940,13696,11414,10478,8817,7857,6695,4730,3191,1834,947,397,141
2022,MMR,Myanmar,MMR,Mandalay,MMR010,Yamethin,MMR010D006,299622,262778,562401,23067,24055,22312,22377,22836,24628,24581,22785,20584,19603,16872,15442,12408,10368,7743,5120,2681,1493,650,23308,24789,22411,21398,22125,21488,20702,19363,17699,16379,14222,12326,9419,7122,4904,2844,1346,689,226,46375,48844,44724,43777,44962,46117,45284,42150,38284,35983,31094,27769,21828,17491,12648,7965,4028,2183,878
2022,MMR,Myanmar,MMR,Sagaing,MMR005,Tamu,MMR005D006,61098,60028,121127,6928,6887,5823,5357,4708,4458,4336,4146,4001,3477,3130,2696,1981,1381,901,454,262,104,55,7241,7000,5972,6104,4907,4370,4063,4017,3754,3220,2889,2353,1706,1189,602,337,189,73,33,14169,13887,11796,11462,9616,8828,8399,8164,7756,6697,6019,5050,3688,2571,1504,792,452,178,89
